idx,obj_value,converged,iterations,iteration_limit_reached,time_it_took,theta_hat,theta0,is_optimum,boot_idx
15,1.8622248131707167e-26,true,3,false,0.0001706,"[-0.3507301994079822, 1.5220901126083235]","[1.5447563259135333, -0.22651795438142638]",1,1
10,4.452571157123385e-28,true,2,false,0.0001802,"[-1.9729706223111008, 1.51833208126697]","[-1.0120757369891493, 1.1470306234136702]",1,2
9,3.441179184259125e-28,true,3,false,0.0003909,"[2.886238736178386, 1.0152064676059676]","[0.8442354651341021, -0.3265277272261217]",1,3
13,1.9327811153808473e-25,true,4,false,0.0002714,"[10.568311175946935, 0.8952556216036176]","[1.6996228215478644, 1.0844860147154771]",1,4
13,1.9238204588180383e-25,true,5,false,0.0005309,"[17.221436432469574, 0.5948011480716917]","[1.6996228215478644, 1.0844860147154771]",1,5
13,2.1814084576667183e-25,true,5,false,0.0002396,"[21.66558416261926, 0.3634466464636699]","[1.6996228215478644, 1.0844860147154771]",1,6
17,1.7727553613589816e-27,true,3,false,0.0001718,"[-2.2610889824956546, 1.647408613264698]","[-1.3972500397371668, -1.1529219835943225]",1,7
16,2.2535338655479765e-27,true,3,false,0.0001756,"[0.4242245543954538, 1.2871084069392944]","[1.7376928272513674, -1.2953938355637125]",1,8
13,3.80834161317156e-26,true,4,false,0.0002167,"[9.497234000735054, 0.805124640788151]","[1.6996228215478644, 1.0844860147154771]",1,9
15,1.4770383104447958e-27,true,5,false,0.000288,"[15.59390656957069, 0.607585037697304]","[1.5447563259135333, -0.22651795438142638]",1,10
16,2.6605773762977405e-26,true,4,false,0.0002179,"[7.164022314113917, 1.039607486310937]","[1.7376928272513674, -1.2953938355637125]",1,11
3,4.109978521133126e-27,true,3,false,0.0002033,"[3.506114711306189, 0.9594933268114925]","[1.4214984593810815, -0.5777261953257666]",1,12
11,7.831843576844498e-28,true,4,false,0.0002325,"[6.602304238029531, 1.1965421946470172]","[0.7232770971838263, -0.728534008508048]",1,13
18,1.793770578691717e-26,true,3,false,0.0001852,"[1.7258667585976457, 1.4307712379962667]","[-0.27322961221704645, -0.5101173409267433]",1,14
18,8.410882852221787e-28,true,3,false,0.0002104,"[-1.9344411370294048, 1.5528134912397558]","[-0.27322961221704645, -0.5101173409267433]",1,15
17,2.2121438842492916e-27,true,4,false,0.0002102,"[4.043353196895646, 1.3768281464844565]","[-1.3972500397371668, -1.1529219835943225]",1,16
5,1.465938134524448e-26,true,5,false,0.0004822,"[11.30560027390125, 0.9264696908613914]","[-1.365080912437378, -1.3208174975844296]",1,17
9,2.5216621800368647e-29,true,3,false,0.0001717,"[2.7769065251669636, 1.3983621343284578]","[0.8442354651341021, -0.3265277272261217]",1,18
9,4.068009709228883e-25,true,5,false,0.0002442,"[15.065187030277361, 0.3823312705211409]","[0.8442354651341021, -0.3265277272261217]",1,19
13,2.0964754349484743e-26,true,4,false,0.0002123,"[8.783386567067263, 0.9221214530938472]","[1.6996228215478644, 1.0844860147154771]",1,20
13,7.64818467447762e-25,true,4,false,0.0003478,"[9.454831624897745, 1.0642287994052144]","[1.6996228215478644, 1.0844860147154771]",1,21
13,2.2241877088642986e-22,true,5,false,0.0002778,"[23.93402647154644, 0.18196633671939072]","[1.6996228215478644, 1.0844860147154771]",1,22
13,2.845809198134769e-25,true,5,false,0.0002468,"[16.892265879707992, 0.5968526356237511]","[1.6996228215478644, 1.0844860147154771]",1,23
13,9.466150069303454e-24,true,4,false,0.0002218,"[11.861956448341516, 0.4401107405595861]","[1.6996228215478644, 1.0844860147154771]",1,24
13,9.336041517516087e-25,true,5,false,0.0002467,"[17.683603221936917, 0.6337845902128326]","[1.6996228215478644, 1.0844860147154771]",1,25
16,3.289325473814527e-27,true,5,false,0.0002656,"[14.83846582354944, 0.730182821275336]","[1.7376928272513674, -1.2953938355637125]",1,26
13,3.570518451681515e-27,true,3,false,0.0017043,"[4.6902223169902655, 1.1881363522427468]","[1.6996228215478644, 1.0844860147154771]",1,27
18,1.7858857416527458e-25,true,4,false,0.0002467,"[5.95876251174585, 0.841931211341634]","[-0.27322961221704645, -0.5101173409267433]",1,28
2,3.1102839809602968e-28,true,3,false,0.0002309,"[-2.495175379362842, 1.5658865569452238]","[-0.7042838077754542, -0.4007992090593657]",1,29
13,2.691626890655955e-26,true,3,false,0.0017142,"[4.874193249089086, 0.8554189377007166]","[1.6996228215478644, 1.0844860147154771]",1,30
13,9.38209133825776e-22,true,5,false,0.0002445,"[22.84175589392919, 0.0768266510437507]","[1.6996228215478644, 1.0844860147154771]",1,31
15,1.6931981683529396e-27,true,5,false,0.0002422,"[15.490229412308594, 0.753684576643489]","[1.5447563259135333, -0.22651795438142638]",1,32
13,3.392506693975978e-24,true,4,false,0.0002597,"[10.283854629470879, 0.5910303906421469]","[1.6996228215478644, 1.0844860147154771]",1,33
18,1.2438253470122166e-25,true,3,false,0.0001824,"[1.718204625166077, 1.3783926058215938]","[-0.27322961221704645, -0.5101173409267433]",1,34
13,6.125708071311245e-22,true,5,false,0.0002362,"[23.815706539639656, 0.27766707586982853]","[1.6996228215478644, 1.0844860147154771]",1,35
18,4.264281489771317e-26,true,2,false,0.0001484,"[0.7806366831027166, 1.365098940515788]","[-0.27322961221704645, -0.5101173409267433]",1,36
13,3.0778939685550115e-22,true,5,false,0.00035,"[23.026735534519208, 0.0853523898110995]","[1.6996228215478644, 1.0844860147154771]",1,37
13,1.577160959633594e-23,true,4,false,0.0003119,"[10.339673143734625, 0.9454622988118868]","[1.6996228215478644, 1.0844860147154771]",1,38
11,2.07298700986248e-26,true,2,false,0.0002104,"[0.739929061434039, 1.3200452126123718]","[0.7232770971838263, -0.728534008508048]",1,39
6,3.197667809947665e-29,true,3,false,0.0001893,"[2.603030778960675, 1.3861946871667297]","[0.5431992343373382, 0.09271546518564394]",1,40
11,6.559356265660301e-28,true,3,false,0.0001692,"[-0.8088137469519815, 1.4934281914788357]","[0.7232770971838263, -0.728534008508048]",1,41
13,9.761961166118119e-22,true,5,false,0.0002547,"[22.52139703533842, 0.28956990508046454]","[1.6996228215478644, 1.0844860147154771]",1,42
13,1.5371437831621938e-25,true,4,false,0.0002223,"[8.830704169905403, 1.0904926846604928]","[1.6996228215478644, 1.0844860147154771]",1,43
9,1.0568248576688017e-26,true,3,false,0.000164,"[-1.1118961405129584, 1.3760221934027947]","[0.8442354651341021, -0.3265277272261217]",1,44
17,1.1865617735319474e-26,true,4,false,0.0002505,"[3.854810658706783, 1.2816411122248161]","[-1.3972500397371668, -1.1529219835943225]",1,45
14,7.418257834052942e-27,true,3,false,0.0001882,"[0.9716308573327344, 1.4312823694645656]","[-1.0989445324831357, -0.0993402202293609]",1,46
3,1.526193288025927e-27,true,4,false,0.0003972,"[7.993508829578702, 0.871618870025338]","[1.4214984593810815, -0.5777261953257666]",1,47
19,4.625443985810296e-26,true,2,false,0.0001492,"[-2.7295075811800693, 1.5851263521309342]","[-1.7983567634893314, 0.8231200506166791]",1,48
13,3.1136243567465732e-25,true,5,false,0.0002356,"[17.0697483095658, 0.46501354247345705]","[1.6996228215478644, 1.0844860147154771]",1,49
16,3.16034438713637e-26,true,4,false,0.0002275,"[7.0948658638963344, 1.1280389872449175]","[1.7376928272513674, -1.2953938355637125]",1,50
7,1.2810112823472672e-26,true,2,false,0.0001944,"[0.2812599228824588, 1.3155500020010866]","[-0.7590535993444354, 0.9209639329677229]",1,51
12,1.6419896416603828e-27,true,2,false,0.0001393,"[1.5454968749640816, 1.1748138940403468]","[0.5202990342876057, 1.1204520037446837]",1,52
1,6.075868943966287e-27,true,3,false,0.000336,"[2.2345456478850085, 1.3585398862834754]","[0.03833248646601629, 0.213845359778582]",1,53
13,8.249913142790565e-24,true,4,false,0.0003122,"[10.490877891241151, 0.6472098497658397]","[1.6996228215478644, 1.0844860147154771]",1,54
13,1.1261378095409995e-22,true,5,false,0.0002481,"[22.262226879255586, 0.17718408538906794]","[1.6996228215478644, 1.0844860147154771]",1,55
18,2.381786510442904e-25,true,5,false,0.0003467,"[13.678297903324909, 0.8368911223575368]","[-0.27322961221704645, -0.5101173409267433]",1,56
13,1.704652327095924e-22,true,5,false,0.0002494,"[21.212382501974403, 0.39222345334132624]","[1.6996228215478644, 1.0844860147154771]",1,57
16,4.160043851527046e-27,true,4,false,0.0002789,"[7.123995529409949, 1.0497489871872476]","[1.7376928272513674, -1.2953938355637125]",1,58
10,1.2784069054090996e-28,true,4,false,0.0002346,"[6.367775063092072, 0.8875947602473405]","[-1.0120757369891493, 1.1470306234136702]",1,59
6,7.266777059513604e-27,true,3,false,0.0002256,"[2.6284114724667043, 1.2389714861264436]","[0.5431992343373382, 0.09271546518564394]",1,60
13,3.4253335187572336e-23,true,5,false,0.0002491,"[24.64466328199962, 0.24449752317629303]","[1.6996228215478644, 1.0844860147154771]",1,61
13,3.2930315205059733e-24,true,4,false,0.0002796,"[10.017159164295723, 0.611556132714713]","[1.6996228215478644, 1.0844860147154771]",1,62
13,5.041504872893757e-25,true,5,false,0.0019609,"[16.88036066836993, 0.5690611904357341]","[1.6996228215478644, 1.0844860147154771]",1,63
13,2.5984547056637013e-24,true,4,false,0.0002377,"[10.40566964968462, 0.5535129468220883]","[1.6996228215478644, 1.0844860147154771]",1,64
7,4.135873636887653e-26,true,3,false,0.0001887,"[2.057103112432001, 1.4769472972000897]","[-0.7590535993444354, 0.9209639329677229]",1,65
13,1.0277649359426422e-22,true,5,false,0.0003175,"[22.078394301390674, -0.13400618027208583]","[1.6996228215478644, 1.0844860147154771]",1,66
13,8.69031096351768e-23,true,5,false,0.0021523,"[20.597695066176225, 0.4283592213105617]","[1.6996228215478644, 1.0844860147154771]",1,67
12,2.381714619262242e-27,true,2,false,0.0001735,"[-0.5201871043199385, 1.5773664567053558]","[0.5202990342876057, 1.1204520037446837]",1,68
10,2.6309193484904634e-27,true,2,false,0.0002204,"[-2.1536809022991577, 1.6063747835523257]","[-1.0120757369891493, 1.1470306234136702]",1,69
13,1.550922626665089e-22,true,5,false,0.0003067,"[22.62208433859081, -0.05173493503526022]","[1.6996228215478644, 1.0844860147154771]",1,70
13,8.158827099297769e-24,true,5,false,0.0005962,"[18.34959475266223, 0.5550005098183006]","[1.6996228215478644, 1.0844860147154771]",1,71
13,1.7901906139190415e-24,true,5,false,0.000406,"[22.773812642995594, 0.28003065263680976]","[1.6996228215478644, 1.0844860147154771]",1,72
13,8.24336443779536e-22,true,5,false,0.0003331,"[22.93218451880701, 0.2489993336750308]","[1.6996228215478644, 1.0844860147154771]",1,73
2,1.196197327344569e-28,true,3,false,0.0002255,"[1.4288803207343146, 1.1545811850403076]","[-0.7042838077754542, -0.4007992090593657]",1,74
6,1.7327090940904064e-26,true,3,false,0.0001842,"[-1.4619317834119667, 1.5650589074173515]","[0.5431992343373382, 0.09271546518564394]",1,75
17,1.5078124342103168e-26,true,5,false,0.0002728,"[11.699492632047157, 0.9725842652475153]","[-1.3972500397371668, -1.1529219835943225]",1,76
13,1.3776218932032396e-24,true,4,false,0.0002449,"[9.866590331231754, 0.7441715439152925]","[1.6996228215478644, 1.0844860147154771]",1,77
13,1.2572133929947764e-23,true,4,false,0.0003543,"[9.82746060059585, 0.949293517422864]","[1.6996228215478644, 1.0844860147154771]",1,78
13,5.960759294587717e-24,true,5,false,0.0002555,"[24.40009938030859, 0.2528567671053742]","[1.6996228215478644, 1.0844860147154771]",1,79
10,2.2919961770333455e-26,true,2,false,0.0001496,"[0.08092394451862536, 1.4016955161952909]","[-1.0120757369891493, 1.1470306234136702]",1,80
13,2.7637727918059155e-23,true,5,false,0.0002667,"[19.29948344743142, 0.4926463483756596]","[1.6996228215478644, 1.0844860147154771]",1,81
13,9.112430032296848e-24,true,5,false,0.0003553,"[17.69169828163213, 0.5815477468451546]","[1.6996228215478644, 1.0844860147154771]",1,82
18,1.3892210320113856e-26,true,4,false,0.0002472,"[5.538182095999201, 1.2718455378108302]","[-0.27322961221704645, -0.5101173409267433]",1,83
17,5.357236259568205e-29,true,3,false,0.0001824,"[0.019881913959603106, 1.323757044118385]","[-1.3972500397371668, -1.1529219835943225]",1,84
13,1.8130628930207463e-23,true,4,false,0.0002387,"[11.188068434508056, 0.8580334563124355]","[1.6996228215478644, 1.0844860147154771]",1,85
13,1.9002894237703545e-24,true,4,false,0.0003598,"[10.162058539906395, 0.9585379903045549]","[1.6996228215478644, 1.0844860147154771]",1,86
8,8.728187577210943e-27,true,4,false,0.0002403,"[4.9670611276956675, 1.1898568705235517]","[0.745620993889791, -2.216096423049429]",1,87
13,1.1358938271332301e-23,true,5,false,0.0002438,"[18.163795240843587, 0.12040955288360787]","[1.6996228215478644, 1.0844860147154771]",1,88
6,2.0675555959887225e-27,true,4,false,0.000218,"[6.740203744008034, 0.7169337829452398]","[0.5431992343373382, 0.09271546518564394]",1,89
17,4.508573888697583e-25,true,4,false,0.0002238,"[4.565656054354703, 1.280083240135966]","[-1.3972500397371668, -1.1529219835943225]",1,90
17,1.2622938203348896e-26,true,4,false,0.0018719,"[4.473793526842904, 0.8925498947741548]","[-1.3972500397371668, -1.1529219835943225]",1,91
10,6.795985913105561e-27,true,2,false,0.0002174,"[0.011750460067466537, 1.4256397083746115]","[-1.0120757369891493, 1.1470306234136702]",1,92
1,6.384799176933958e-27,true,4,false,0.0004146,"[6.248703291475331, 1.167601023572305]","[0.03833248646601629, 0.213845359778582]",1,93
13,2.2521300481898213e-26,true,2,false,0.0001421,"[0.6875586177178112, 1.438417671447784]","[1.6996228215478644, 1.0844860147154771]",1,94
12,2.9556149308423767e-27,true,2,false,0.0001639,"[1.6469550938810202, 1.1995025322650323]","[0.5202990342876057, 1.1204520037446837]",1,95
10,1.508206837078078e-27,true,2,false,0.0001445,"[-0.01861927819211283, 1.4680604294744908]","[-1.0120757369891493, 1.1470306234136702]",1,96
13,1.7249199490966063e-24,true,5,false,0.0002613,"[17.6993699109841, 0.5728538980810793]","[1.6996228215478644, 1.0844860147154771]",1,97
16,8.0710393989638086e-28,true,3,false,0.0001856,"[2.875592296490328, 1.4018435064411312]","[1.7376928272513674, -1.2953938355637125]",1,98
1,2.689399758368153e-27,true,5,false,0.0005178,"[14.328094314899044, 0.3868864347788921]","[0.03833248646601629, 0.213845359778582]",1,99
17,6.672777762837356e-26,true,4,false,0.000258,"[4.549533354707075, 1.0635156824016228]","[-1.3972500397371668, -1.1529219835943225]",1,100
17,4.045164416972404e-25,true,4,false,0.0002166,"[4.494191215906481, 1.0147085469472668]","[-1.3972500397371668, -1.1529219835943225]",1,101
7,7.441671720139938e-28,true,4,false,0.0002188,"[6.24015541416903, 0.8693858426765521]","[-0.7590535993444354, 0.9209639329677229]",1,102
7,4.084784009228338e-25,true,5,false,0.0002653,"[14.43927251303385, 0.378154968483233]","[-0.7590535993444354, 0.9209639329677229]",1,103
13,3.660314659022535e-23,true,5,false,0.0002556,"[18.368981085805874, 0.3967906221229963]","[1.6996228215478644, 1.0844860147154771]",1,104
5,6.866194975183392e-26,true,5,false,0.000326,"[11.354138138768377, 0.9652503979068512]","[-1.365080912437378, -1.3208174975844296]",1,105
13,3.429166218995906e-25,true,4,false,0.0002199,"[9.18977259066891, 0.7272824247941706]","[1.6996228215478644, 1.0844860147154771]",1,106
13,8.473776330935348e-23,true,5,false,0.0002882,"[19.774831818129673, 0.5079970739140149]","[1.6996228215478644, 1.0844860147154771]",1,107
16,1.4156302867599859e-27,true,3,false,0.0002162,"[0.5297718544739488, 1.5018686361021318]","[1.7376928272513674, -1.2953938355637125]",1,108
13,4.384171300444013e-25,true,4,false,0.0002036,"[9.144716428460377, 1.0217158726859383]","[1.6996228215478644, 1.0844860147154771]",1,109
17,2.4056392938934295e-27,true,3,false,0.0001654,"[-2.323297156561604, 1.600203596528807]","[-1.3972500397371668, -1.1529219835943225]",1,110
17,1.1564723704100136e-28,true,3,false,0.0002129,"[0.8094709694113306, 1.2810779120942397]","[-1.3972500397371668, -1.1529219835943225]",1,111
13,1.0291239169637046e-24,true,4,false,0.0002397,"[11.451100710163876, 0.6275042117782264]","[1.6996228215478644, 1.0844860147154771]",1,112
15,1.5929465482746264e-25,true,5,false,0.0002526,"[16.264548452281023, 0.6450687857442556]","[1.5447563259135333, -0.22651795438142638]",1,113
17,7.240079273288827e-25,true,4,false,0.0002505,"[4.500992082787513, 1.2288247706111703]","[-1.3972500397371668, -1.1529219835943225]",1,114
13,1.6434574964474255e-25,true,4,false,0.0002145,"[9.165454626107357, 0.836537887744212]","[1.6996228215478644, 1.0844860147154771]",1,115
9,6.116287025320134e-26,true,5,false,0.0005865,"[14.97002863714633, 0.4007922451667092]","[0.8442354651341021, -0.3265277272261217]",1,116
7,5.371055303930793e-26,true,2,false,0.0001672,"[0.3528586300048083, 1.3348238975106088]","[-0.7590535993444354, 0.9209639329677229]",1,117
13,1.658764325286057e-27,true,3,false,0.0001878,"[-1.5059092050927743, 1.475759273490075]","[1.6996228215478644, 1.0844860147154771]",1,118
6,2.350349568385528e-27,true,3,false,0.0001836,"[-1.4642393030402059, 1.4470642880919469]","[0.5431992343373382, 0.09271546518564394]",1,119
13,1.4264300876158413e-24,true,4,false,0.0002723,"[10.183191371011015, 0.9321369949261129]","[1.6996228215478644, 1.0844860147154771]",1,120
17,4.1259247561152565e-24,true,5,false,0.0004017,"[12.847603009793174, 0.5441103803360179]","[-1.3972500397371668, -1.1529219835943225]",1,121
13,9.837351608285286e-22,true,5,false,0.0002508,"[23.016975084350705, -0.15261354994846182]","[1.6996228215478644, 1.0844860147154771]",1,122
17,1.3582186515245269e-28,true,3,false,0.0001877,"[-2.244492349809508, 1.6300852577081286]","[-1.3972500397371668, -1.1529219835943225]",1,123
13,5.855528041336053e-24,true,4,false,0.0002891,"[9.94875330623661, 0.5479795506984944]","[1.6996228215478644, 1.0844860147154771]",1,124
13,1.2970696975343611e-23,true,5,false,0.0004297,"[17.445753206953, 0.4645750724368999]","[1.6996228215478644, 1.0844860147154771]",1,125
13,4.855825145198376e-23,true,4,false,0.0002198,"[10.3538438232018, 1.042999194195235]","[1.6996228215478644, 1.0844860147154771]",1,126
13,3.957906530444767e-23,true,5,false,0.0002375,"[19.74741787692045, 0.46174185273391516]","[1.6996228215478644, 1.0844860147154771]",1,127
15,6.7703972882672545e-25,true,5,false,0.0003015,"[15.898219262039813, 0.2632491867891895]","[1.5447563259135333, -0.22651795438142638]",1,128
14,5.4827473343545035e-27,true,3,false,0.0003929,"[-2.9485488413157928, 1.6789504220991205]","[-1.0989445324831357, -0.0993402202293609]",1,129
12,2.157168909387477e-25,true,2,false,0.0001644,"[-0.6199086998864094, 1.488567202852778]","[0.5202990342876057, 1.1204520037446837]",1,130
13,1.4880266562033805e-24,true,5,false,0.0003594,"[21.355352223317542, 0.3770013676678677]","[1.6996228215478644, 1.0844860147154771]",1,131
13,5.78797429348473e-22,true,5,false,0.000393,"[22.832142241965602, 0.1645073985082265]","[1.6996228215478644, 1.0844860147154771]",1,132
13,2.365928152647798e-25,true,5,false,0.0002631,"[16.923458041194998, 0.685232772488325]","[1.6996228215478644, 1.0844860147154771]",1,133
13,2.305735073458637e-25,true,4,false,0.0003715,"[9.201602665638413, 0.9605634394959471]","[1.6996228215478644, 1.0844860147154771]",1,134
20,7.104459699285497e-27,true,4,false,0.0004493,"[5.338281363379158, 1.2919446698735941]","[-0.6634712267123949, -0.2399591176621829]",1,135
7,5.610031906941154e-29,true,4,false,0.0002491,"[6.3506889371037145, 0.8993154867135753]","[-0.7590535993444354, 0.9209639329677229]",1,136
2,1.789678870307046e-26,true,4,false,0.002608,"[5.304585241932763, 1.0223275947830521]","[-0.7042838077754542, -0.4007992090593657]",1,137
16,7.123259703193578e-27,true,4,false,0.0002538,"[7.035659359237592, 1.1861808407134957]","[1.7376928272513674, -1.2953938355637125]",1,138
11,3.198527706825521e-26,true,4,false,0.0003362,"[6.438872295509288, 1.2345982697289715]","[0.7232770971838263, -0.728534008508048]",1,139
1,2.2981839522928553e-27,true,4,false,0.0003858,"[6.10743591847015, 1.0483431683376288]","[0.03833248646601629, 0.213845359778582]",1,140
12,7.063573394679305e-27,true,4,false,0.0002325,"[8.45357652984007, 0.927522907862293]","[0.5202990342876057, 1.1204520037446837]",1,141
15,8.941050347168602e-27,true,5,false,0.0003676,"[15.5357967853383, 0.6469056596940734]","[1.5447563259135333, -0.22651795438142638]",1,142
13,7.173295870990661e-24,true,5,false,0.0002547,"[17.122497802298497, 0.6641227644654194]","[1.6996228215478644, 1.0844860147154771]",1,143
13,8.015616783888274e-23,true,5,false,0.0002767,"[21.714668191051842, -0.10153221514226629]","[1.6996228215478644, 1.0844860147154771]",1,144
17,4.7998209507404925e-26,true,5,false,0.0002699,"[12.010140734639068, 0.8096755194031552]","[-1.3972500397371668, -1.1529219835943225]",1,145
13,8.021699597773789e-24,true,5,false,0.0027651,"[19.73217163775493, 0.4848993939562243]","[1.6996228215478644, 1.0844860147154771]",1,146
9,1.3954706299440614e-27,true,3,false,0.000198,"[2.889284385091764, 1.353235112535657]","[0.8442354651341021, -0.3265277272261217]",1,147
13,3.360888497876498e-24,true,5,false,0.0002786,"[19.785572285712668, 0.3337327503830427]","[1.6996228215478644, 1.0844860147154771]",1,148
3,8.255076701783737e-27,true,3,false,0.0002122,"[3.293008750517351, 1.4049366486709394]","[1.4214984593810815, -0.5777261953257666]",1,149
13,1.3150299968841947e-23,true,4,false,0.0003093,"[11.588606586935407, 0.456153168956323]","[1.6996228215478644, 1.0844860147154771]",1,150
9,3.107707446523258e-27,true,4,false,0.00019,"[7.156129070593677, 0.8974918066412284]","[0.8442354651341021, -0.3265277272261217]",1,151
1,1.745900565935219e-25,true,4,false,0.0005607,"[6.366520545003837, 1.1680711196121818]","[0.03833248646601629, 0.213845359778582]",1,152
13,3.9229303667953e-26,true,2,false,0.0002137,"[0.6962126790003725, 1.4706733311303546]","[1.6996228215478644, 1.0844860147154771]",1,153
11,2.808837300396185e-28,true,3,false,0.0001743,"[2.607412379945889, 1.2041986326745837]","[0.7232770971838263, -0.728534008508048]",1,154
13,3.707846349731867e-26,true,2,false,0.0001579,"[0.4443290687245847, 1.4567736624209688]","[1.6996228215478644, 1.0844860147154771]",1,155
7,4.343181970167324e-27,true,2,false,0.0001692,"[-1.5388841333761463, 1.595841286132691]","[-0.7590535993444354, 0.9209639329677229]",1,156
12,5.28974928015459e-27,true,2,false,0.0001643,"[1.6111377609175666, 1.2700454743558518]","[0.5202990342876057, 1.1204520037446837]",1,157
13,1.7289027710746323e-25,true,4,false,0.0002956,"[9.999976166737845, 0.8045667498489586]","[1.6996228215478644, 1.0844860147154771]",1,158
18,6.304303088853788e-26,true,4,false,0.0002492,"[5.882154674597971, 0.9598181321886289]","[-0.27322961221704645, -0.5101173409267433]",1,159
7,3.3131638014209505e-27,true,2,false,0.0001798,"[-1.5564270452920557, 1.569520784883514]","[-0.7590535993444354, 0.9209639329677229]",1,160
13,5.302200541875928e-22,true,5,false,0.0003256,"[21.017353390051728, 0.23674239714791223]","[1.6996228215478644, 1.0844860147154771]",1,161
19,3.0330846960336083e-26,true,3,false,0.0002012,"[1.0323985497185495, 1.3576582004392126]","[-1.7983567634893314, 0.8231200506166791]",1,162
7,2.3241867806282127e-27,true,4,false,0.0004711,"[6.0569231724962584, 1.246028071273508]","[-0.7590535993444354, 0.9209639329677229]",1,163
13,2.3102278525238546e-23,true,4,false,0.0002685,"[10.924677074137001, 0.5157539503550939]","[1.6996228215478644, 1.0844860147154771]",1,164
2,1.0590089439648094e-27,true,4,false,0.0002906,"[5.3363359135908075, 0.8759349072594315]","[-0.7042838077754542, -0.4007992090593657]",1,165
13,1.7153829134213044e-22,true,5,false,0.0007549,"[22.884760348751385, 0.3463151431304395]","[1.6996228215478644, 1.0844860147154771]",1,166
9,2.351351188052224e-24,true,5,false,0.0002658,"[15.095185976600064, 0.7526811773850518]","[0.8442354651341021, -0.3265277272261217]",1,167
17,4.54846259567097e-26,true,4,false,0.0005067,"[4.3852648749213525, 1.072057010691378]","[-1.3972500397371668, -1.1529219835943225]",1,168
15,3.0341672831619603e-25,true,4,false,0.0002587,"[8.29874548801143, 0.7615164000930104]","[1.5447563259135333, -0.22651795438142638]",1,169
13,2.313447768688834e-23,true,4,false,0.0004358,"[9.943785114693064, 0.8745230570250797]","[1.6996228215478644, 1.0844860147154771]",1,170
3,2.7564146767264755e-27,true,4,false,0.0005098,"[7.315302128497343, 1.2087193258672166]","[1.4214984593810815, -0.5777261953257666]",1,171
13,2.1707071042977623e-24,true,4,false,0.000246,"[11.382706697263451, 0.6768310051187076]","[1.6996228215478644, 1.0844860147154771]",1,172
13,1.339929397482597e-22,true,5,false,0.0003034,"[22.584829383953682, 0.35654037441166]","[1.6996228215478644, 1.0844860147154771]",1,173
13,8.163400003768436e-24,true,5,false,0.0004036,"[21.012324732314635, 0.4433128063647195]","[1.6996228215478644, 1.0844860147154771]",1,174
17,5.162191193826332e-27,true,4,false,0.0004678,"[4.198747225021665, 0.9159284374537514]","[-1.3972500397371668, -1.1529219835943225]",1,175
13,1.183360249098843e-24,true,5,false,0.0002945,"[23.125233157783185, 0.3094098157246187]","[1.6996228215478644, 1.0844860147154771]",1,176
15,6.665269140317967e-25,true,5,false,0.0002693,"[15.977842588167594, 0.21141431797709534]","[1.5447563259135333, -0.22651795438142638]",1,177
16,3.5473771524156035e-24,true,5,false,0.0003668,"[15.184569066671848, 0.6831495900243082]","[1.7376928272513674, -1.2953938355637125]",1,178
15,1.0108001211354943e-26,true,4,false,0.0003228,"[7.7291582416954885, 1.0090107932281571]","[1.5447563259135333, -0.22651795438142638]",1,179
17,2.2552582998294863e-27,true,3,false,0.0002662,"[0.0632868551482678, 1.291954755558745]","[-1.3972500397371668, -1.1529219835943225]",1,180
12,1.2616555984809376e-27,true,2,false,0.0001959,"[-0.5013992844485461, 1.3849782725810658]","[0.5202990342876057, 1.1204520037446837]",1,181
10,7.784612899406364e-27,true,2,false,0.0001351,"[-1.9729359602914063, 1.6033798708147968]","[-1.0120757369891493, 1.1470306234136702]",1,182
13,6.136598888655511e-24,true,5,false,0.0004165,"[17.349264860191948, 0.6615289565804964]","[1.6996228215478644, 1.0844860147154771]",1,183
17,5.717718279162447e-26,true,4,false,0.000271,"[4.357762576822397, 0.8831897732250695]","[-1.3972500397371668, -1.1529219835943225]",1,184
11,1.292440456252935e-28,true,3,false,0.0003797,"[2.7557371378335036, 1.2720977758795464]","[0.7232770971838263, -0.728534008508048]",1,185
7,1.7064341755626614e-27,true,2,false,0.0002188,"[0.04443165140628554, 1.5294576820463215]","[-0.7590535993444354, 0.9209639329677229]",1,186
16,1.206032898910419e-28,true,4,false,0.0002148,"[7.023687070452537, 1.058944924238558]","[1.7376928272513674, -1.2953938355637125]",1,187
13,3.8398192853508503e-22,true,5,false,0.0003534,"[22.171633699786632, 0.30618242368966037]","[1.6996228215478644, 1.0844860147154771]",1,188
7,1.1827373334931144e-25,true,4,false,0.0002214,"[6.499221463104241, 0.87414365788064]","[-0.7590535993444354, 0.9209639329677229]",1,189
17,2.5214281298210115e-28,true,3,false,0.0001763,"[0.026857139131055675, 1.32792352274729]","[-1.3972500397371668, -1.1529219835943225]",1,190
13,4.2006396420342525e-27,true,2,false,0.0002672,"[0.6565442793614845, 1.2201226934643]","[1.6996228215478644, 1.0844860147154771]",1,191
13,3.866686557351518e-26,true,4,false,0.0002206,"[9.056794610045435, 0.6359094406256454]","[1.6996228215478644, 1.0844860147154771]",1,192
15,1.9691936436687178e-24,true,4,false,0.0002144,"[7.985536827695897, 0.8360572073224554]","[1.5447563259135333, -0.22651795438142638]",1,193
2,6.416590551791557e-28,true,4,false,0.0005456,"[5.2215725112832665, 1.0866103398767784]","[-0.7042838077754542, -0.4007992090593657]",1,194
10,1.3145272089690301e-27,true,4,false,0.0004591,"[6.01997780506714, 0.7693317837097738]","[-1.0120757369891493, 1.1470306234136702]",1,195
17,1.2929074188462724e-24,true,4,false,0.0004024,"[4.677778771575167, 1.1448222447422731]","[-1.3972500397371668, -1.1529219835943225]",1,196
13,2.78613921462617e-24,true,4,false,0.0005125,"[10.513330148424762, 0.5872808437669909]","[1.6996228215478644, 1.0844860147154771]",1,197
17,9.086583151119824e-27,true,5,false,0.0005207,"[11.74869501849786, 0.9120780684181937]","[-1.3972500397371668, -1.1529219835943225]",1,198
15,9.82697184204646e-28,true,4,false,0.0004521,"[7.815092029672164, 0.7258509035450582]","[1.5447563259135333, -0.22651795438142638]",1,199
9,2.3886294946310138e-26,true,3,false,0.0002061,"[3.0025688458615956, 1.2189199036612146]","[0.8442354651341021, -0.3265277272261217]",1,200
16,8.899852406175305e-27,true,4,false,0.0002102,"[-3.3959336504328816, 1.6613401483616883]","[1.7376928272513674, -1.2953938355637125]",1,201
18,1.188167651798745e-25,true,3,false,0.0002473,"[1.8968495096981823, 1.3919972553248874]","[-0.27322961221704645, -0.5101173409267433]",1,202
16,5.228301953550873e-27,true,3,false,0.0002442,"[3.150826675610156, 1.2920264578625988]","[1.7376928272513674, -1.2953938355637125]",1,203
1,4.3323271173970684e-27,true,3,false,0.0005168,"[2.3448281839299954, 1.4577845573879733]","[0.03833248646601629, 0.213845359778582]",1,204
13,6.334010372781609e-23,true,5,false,0.0003235,"[18.54642035031514, 0.5614031069521581]","[1.6996228215478644, 1.0844860147154771]",1,205
15,4.4751881026611365e-26,true,4,false,0.0004187,"[7.55819601098166, 1.1180313349540907]","[1.5447563259135333, -0.22651795438142638]",1,206
11,8.328797112605287e-28,true,3,false,0.0001787,"[2.53632777055523, 1.2628464347511033]","[0.7232770971838263, -0.728534008508048]",1,207
18,3.766904308086263e-26,true,4,false,0.0002383,"[5.652387155173845, 1.2536137834522032]","[-0.27322961221704645, -0.5101173409267433]",1,208
9,3.4155927343578776e-26,true,3,false,0.0001845,"[2.8901638161240597, 1.2603840203948178]","[0.8442354651341021, -0.3265277272261217]",1,209
13,1.0044529159149854e-24,true,5,false,0.0002496,"[16.756743243079278, 0.6309964862640108]","[1.6996228215478644, 1.0844860147154771]",1,210
15,5.973073420587849e-27,true,4,false,0.0002269,"[8.571489491637186, 0.8395741965464751]","[1.5447563259135333, -0.22651795438142638]",1,211
13,8.533553963775018e-25,true,4,false,0.000346,"[9.084209753488873, 1.1084123769661423]","[1.6996228215478644, 1.0844860147154771]",1,212
18,4.426405990143982e-27,true,3,false,0.0002054,"[1.8910294908376448, 1.133103748787917]","[-0.27322961221704645, -0.5101173409267433]",1,213
13,1.4619666471804314e-24,true,4,false,0.0002172,"[9.512913205245885, 0.9599795655628405]","[1.6996228215478644, 1.0844860147154771]",1,214
13,4.4816022882314836e-27,true,2,false,0.0001672,"[2.741481229685072, 1.322765018928117]","[1.6996228215478644, 1.0844860147154771]",1,215
13,1.0915958960935794e-25,true,3,false,0.0001909,"[4.906784235308678, 1.031450295519042]","[1.6996228215478644, 1.0844860147154771]",1,216
13,1.3305098172251382e-21,true,5,false,0.0002505,"[23.657798183011433, 0.3210993350101721]","[1.6996228215478644, 1.0844860147154771]",1,217
13,2.073480896896936e-23,true,5,false,0.0002614,"[19.34235642515196, 0.41468382972967777]","[1.6996228215478644, 1.0844860147154771]",1,218
16,3.8111066548820085e-25,true,3,false,0.000189,"[3.1830814952613387, 1.375043927549104]","[1.7376928272513674, -1.2953938355637125]",1,219
19,7.395653468636476e-28,true,3,false,0.0002447,"[0.9848019640348525, 1.339617187333743]","[-1.7983567634893314, 0.8231200506166791]",1,220
13,3.528410394353464e-24,true,5,false,0.0002493,"[18.033610798056074, 0.3985723850330951]","[1.6996228215478644, 1.0844860147154771]",1,221
13,9.417808397095409e-27,true,4,false,0.0002139,"[9.28347087888252, 0.6973512845430513]","[1.6996228215478644, 1.0844860147154771]",1,222
7,2.72152406277911e-27,true,2,false,0.0001467,"[-1.5565310367865932, 1.5943590696459566]","[-0.7590535993444354, 0.9209639329677229]",1,223
13,7.086403939501292e-24,true,4,false,0.0002174,"[9.85665720881455, 0.9536833715666123]","[1.6996228215478644, 1.0844860147154771]",1,224
9,1.3261101859972238e-26,true,3,false,0.0001871,"[2.930759172489608, 1.2602744022620984]","[0.8442354651341021, -0.3265277272261217]",1,225
18,2.4421692198024505e-27,true,4,false,0.0002374,"[5.637144139229127, 1.0742136705990593]","[-0.27322961221704645, -0.5101173409267433]",1,226
13,2.3369557721322916e-23,true,5,false,0.0003912,"[19.399731316790387, 0.4659229588697752]","[1.6996228215478644, 1.0844860147154771]",1,227
5,8.087780465837081e-26,true,5,false,0.0002698,"[11.363811480901374, 0.8855522370892559]","[-1.365080912437378, -1.3208174975844296]",1,228
16,1.6124106557571645e-27,true,3,false,0.0001714,"[3.225610159673554, 1.1302394949733008]","[1.7376928272513674, -1.2953938355637125]",1,229
15,3.637819960899951e-25,true,5,false,0.0003243,"[15.873101933591903, 0.7429017390721306]","[1.5447563259135333, -0.22651795438142638]",1,230
15,3.6249358612406357e-25,true,5,false,0.000293,"[15.711092456252226, 0.727700669665115]","[1.5447563259135333, -0.22651795438142638]",1,231
13,2.5342909894076988e-22,true,5,false,0.0003042,"[20.166287996429094, 0.07269454003254605]","[1.6996228215478644, 1.0844860147154771]",1,232
12,4.0283752540808126e-28,true,2,false,0.0001366,"[-0.4059400677819123, 1.5094393844510137]","[0.5202990342876057, 1.1204520037446837]",1,233
11,3.6191049420925064e-28,true,3,false,0.0003565,"[-0.8613272400767922, 1.4675864717652218]","[0.7232770971838263, -0.728534008508048]",1,234
17,1.3273333432071318e-27,true,4,false,0.000304,"[3.950402733336831, 1.1313996094417773]","[-1.3972500397371668, -1.1529219835943225]",1,235
13,1.2693869741160809e-23,true,4,false,0.0002254,"[10.243053496946338, 1.0364840431772249]","[1.6996228215478644, 1.0844860147154771]",1,236
13,7.507064899378884e-24,true,4,false,0.0002192,"[11.374941674462498, 0.6669343747414908]","[1.6996228215478644, 1.0844860147154771]",1,237
13,1.0556318486372126e-23,true,4,false,0.0002681,"[10.640230702348317, 1.018963214327947]","[1.6996228215478644, 1.0844860147154771]",1,238
11,3.213111930733069e-28,true,3,false,0.0002231,"[2.569621711529464, 1.1815784588789646]","[0.7232770971838263, -0.728534008508048]",1,239
8,7.86553616707231e-26,true,4,false,0.000372,"[-3.159909058560563, 1.6418042265425385]","[0.745620993889791, -2.216096423049429]",1,240
13,1.0278800883388842e-26,true,3,false,0.0004723,"[4.7650957761210355, 0.965529964886723]","[1.6996228215478644, 1.0844860147154771]",1,241
13,9.668333168915071e-23,true,5,false,0.0002638,"[22.738407792211646, 0.3438110505292461]","[1.6996228215478644, 1.0844860147154771]",1,242
8,2.283126212943387e-27,true,3,false,0.0001911,"[-0.9817467051004864, 1.3997150856082765]","[0.745620993889791, -2.216096423049429]",1,243
10,2.9786198336927487e-25,true,5,false,0.000404,"[14.063133050712251, 0.5839646781589956]","[-1.0120757369891493, 1.1470306234136702]",1,244
13,1.2887319176908818e-23,true,4,false,0.0003943,"[11.12004789342393, 0.6677669007280347]","[1.6996228215478644, 1.0844860147154771]",1,245
3,5.782518522057391e-25,true,5,false,0.0004623,"[15.350157111637976, 0.7548555220002482]","[1.4214984593810815, -0.5777261953257666]",1,246
13,5.736319502752443e-27,true,3,false,0.0001731,"[-1.2431375180610342, 1.6179338296347026]","[1.6996228215478644, 1.0844860147154771]",1,247
4,3.92719475321549e-27,true,4,false,0.000267,"[5.474184016595273, 0.8339779060024204]","[-0.4658959078249555, -0.7303008298610437]",1,248
17,2.229427279946246e-24,true,4,false,0.0003837,"[4.341338679594505, 1.3614378784909185]","[-1.3972500397371668, -1.1529219835943225]",1,249
15,2.201122303938208e-25,true,4,false,0.0002129,"[8.213132975803273, 0.9121043559949282]","[1.5447563259135333, -0.22651795438142638]",1,250
13,2.83221130199418e-22,true,5,false,0.0002773,"[22.897246635334454, 0.34718980357687307]","[1.6996228215478644, 1.0844860147154771]",1,251
13,2.0063769081621145e-23,true,5,false,0.0005097,"[20.34001975180618, 0.45697073162006463]","[1.6996228215478644, 1.0844860147154771]",1,252
11,5.1541231035298084e-27,true,4,false,0.0002095,"[6.492837315699125, 1.15366876283487]","[0.7232770971838263, -0.728534008508048]",1,253
18,3.204130783091908e-25,true,5,false,0.0003145,"[13.59982009297635, 0.7934651164487642]","[-0.27322961221704645, -0.5101173409267433]",1,254
13,2.170812880205559e-22,true,5,false,0.0002541,"[18.860028013110302, 0.3881401374779229]","[1.6996228215478644, 1.0844860147154771]",1,255
19,2.257770618925111e-27,true,3,false,0.0003902,"[1.0757484583275112, 1.2339567784842689]","[-1.7983567634893314, 0.8231200506166791]",1,256
16,1.0523578583411438e-26,true,4,false,0.0003666,"[7.375180450835916, 0.7883277209986813]","[1.7376928272513674, -1.2953938355637125]",1,257
13,2.8779411424809675e-22,true,5,false,0.0002902,"[20.474880784110173, 0.36552734624019834]","[1.6996228215478644, 1.0844860147154771]",1,258
4,8.002865497604846e-29,true,4,false,0.0003061,"[5.351768335304979, 0.9668256641837507]","[-0.4658959078249555, -0.7303008298610437]",1,259
20,2.0970378339992686e-27,true,3,false,0.0001783,"[1.496904341269891, 1.41228515803779]","[-0.6634712267123949, -0.2399591176621829]",1,260
13,2.159728286182142e-21,true,5,false,0.000273,"[24.707068860101163, -0.2599144750339168]","[1.6996228215478644, 1.0844860147154771]",1,261
1,9.118963779984096e-25,true,5,false,0.0007155,"[14.317428242127374, 0.6551347239696241]","[0.03833248646601629, 0.213845359778582]",1,262
3,2.521784091825465e-27,true,3,false,0.0001984,"[-0.2418034417495498, 1.5077132987022572]","[1.4214984593810815, -0.5777261953257666]",1,263
8,2.0759297509031528e-26,true,4,false,0.0002743,"[5.098099031877038, 1.2117934706473965]","[0.745620993889791, -2.216096423049429]",1,264
12,1.6666173020324164e-27,true,5,false,0.0002578,"[15.50419332222498, 0.3660740125299121]","[0.5202990342876057, 1.1204520037446837]",1,265
3,1.0069128314112954e-26,true,4,false,0.0002356,"[7.441280088437901, 1.0751235324272101]","[1.4214984593810815, -0.5777261953257666]",1,266
4,7.5257178615756e-27,true,4,false,0.0002651,"[5.209339269248376, 1.2739140354335539]","[-0.4658959078249555, -0.7303008298610437]",1,267
18,2.7657788639333936e-26,true,5,false,0.0002899,"[13.825634036523049, 0.7502598040364938]","[-0.27322961221704645, -0.5101173409267433]",1,268
13,4.445262353304013e-21,true,5,false,0.0002532,"[25.403324525652828, -0.20779578880576888]","[1.6996228215478644, 1.0844860147154771]",1,269
18,1.409909482745421e-24,true,5,false,0.0005003,"[13.787007411885789, 0.8138193264379373]","[-0.27322961221704645, -0.5101173409267433]",1,270
13,1.9202779001193157e-23,true,5,false,0.0002888,"[20.040342782528246, 0.4817291237668183]","[1.6996228215478644, 1.0844860147154771]",1,271
3,1.9119974582200487e-25,true,2,false,0.0002866,"[1.7912096471221828, 1.4180892944598447]","[1.4214984593810815, -0.5777261953257666]",1,272
3,3.659619669572724e-26,true,3,false,0.0003226,"[3.4021262368325176, 1.4060579312311179]","[1.4214984593810815, -0.5777261953257666]",1,273
8,7.958796693569958e-26,true,4,false,0.0002633,"[-3.1706586346782886, 1.686865253076737]","[0.745620993889791, -2.216096423049429]",1,274
16,2.09363892536529e-27,true,4,false,0.0003806,"[7.059750731628555, 1.122327551876531]","[1.7376928272513674, -1.2953938355637125]",1,275
13,1.1377249967560855e-24,true,4,false,0.0002409,"[10.096452559676308, 0.6510133463403562]","[1.6996228215478644, 1.0844860147154771]",1,276
15,1.2340910597628208e-24,true,5,false,0.0002601,"[15.999557606145126, 0.4602146212180317]","[1.5447563259135333, -0.22651795438142638]",1,277
13,9.747645668604186e-24,true,5,false,0.0002727,"[20.22716786361077, 0.4663976468477511]","[1.6996228215478644, 1.0844860147154771]",1,278
13,6.431287201172165e-26,true,5,false,0.0002903,"[17.1251072454933, 0.6235613002000908]","[1.6996228215478644, 1.0844860147154771]",1,279
13,1.80872001100619e-21,true,5,false,0.0003655,"[23.89618654854701, 0.3115311167181909]","[1.6996228215478644, 1.0844860147154771]",1,280
13,4.1024703090449384e-26,true,2,false,0.0001528,"[0.5786037546459344, 1.2712240123047607]","[1.6996228215478644, 1.0844860147154771]",1,281
17,8.528289967853016e-26,true,4,false,0.0002164,"[4.061726980138179, 1.1921302116145494]","[-1.3972500397371668, -1.1529219835943225]",1,282
3,6.173995324277609e-27,true,3,false,0.000224,"[3.374563667566312, 1.2776413990714874]","[1.4214984593810815, -0.5777261953257666]",1,283
13,2.555528952199496e-25,true,5,false,0.0002537,"[17.78735746558051, 0.6431676695681672]","[1.6996228215478644, 1.0844860147154771]",1,284
19,8.156091864196662e-27,true,5,false,0.0005196,"[12.725918273413233, 0.8696744937631228]","[-1.7983567634893314, 0.8231200506166791]",1,285
5,1.6255269399132244e-27,true,3,false,0.0002113,"[-1.958692301942814, 1.5786407126678546]","[-1.365080912437378, -1.3208174975844296]",1,286
13,1.108954140462232e-22,true,5,false,0.0004681,"[20.55439430347206, 0.45320362029595895]","[1.6996228215478644, 1.0844860147154771]",1,287
13,1.2021331625304506e-26,true,2,false,0.0001581,"[2.773600783221672, 1.3266212347993003]","[1.6996228215478644, 1.0844860147154771]",1,288
9,7.227102308709638e-27,true,4,false,0.0003821,"[6.976344795454636, 0.7258715519795963]","[0.8442354651341021, -0.3265277272261217]",1,289
19,4.260252911480342e-27,true,4,false,0.0005577,"[4.814810985110331, 1.3105236358074235]","[-1.7983567634893314, 0.8231200506166791]",1,290
9,1.2506479322810355e-28,true,3,false,0.0001957,"[2.9265941032676226, 1.1017990360035506]","[0.8442354651341021, -0.3265277272261217]",1,291
13,5.23547398999135e-26,true,4,false,0.0002225,"[9.081555269038432, 0.5971572215653875]","[1.6996228215478644, 1.0844860147154771]",1,292
13,3.4064394244914145e-25,true,4,false,0.0002405,"[11.909729957917474, 0.48018748514958876]","[1.6996228215478644, 1.0844860147154771]",1,293
18,1.498542653541859e-27,true,3,false,0.0005593,"[1.8289728060817625, 1.3112759737848638]","[-0.27322961221704645, -0.5101173409267433]",1,294
13,4.825658672187571e-24,true,4,false,0.00024,"[9.799629573378352, 0.8549787575978466]","[1.6996228215478644, 1.0844860147154771]",1,295
13,7.74882366885021e-28,true,3,false,0.0002506,"[4.874479719269884, 0.8366172736437992]","[1.6996228215478644, 1.0844860147154771]",1,296
10,2.790071554360568e-26,true,2,false,0.0001746,"[-2.0239970847676694, 1.607703847976611]","[-1.0120757369891493, 1.1470306234136702]",1,297
9,3.450217082709383e-27,true,3,false,0.0002194,"[-1.067350189966469, 1.4564645212982255]","[0.8442354651341021, -0.3265277272261217]",1,298
20,1.75110587170743e-27,true,5,false,0.00044,"[13.500581399734369, 0.5904897711207236]","[-0.6634712267123949, -0.2399591176621829]",1,299
15,6.918172373611617e-26,true,5,false,0.00026,"[15.709988536991995, 0.7181179604362665]","[1.5447563259135333, -0.22651795438142638]",1,300
18,2.3035982699625893e-27,true,5,false,0.0002579,"[13.516326474188228, 0.8244694966900419]","[-0.27322961221704645, -0.5101173409267433]",1,301
17,1.5694925655099313e-28,true,3,false,0.0001757,"[0.853365450032363, 1.3060597871160455]","[-1.3972500397371668, -1.1529219835943225]",1,302
13,1.4156921550649182e-23,true,5,false,0.0004934,"[18.634999156423266, 0.35832032829038724]","[1.6996228215478644, 1.0844860147154771]",1,303
5,3.833233324990656e-29,true,5,false,0.0005449,"[11.982888522685089, 0.5187118076205517]","[-1.365080912437378, -1.3208174975844296]",1,304
13,1.2552989108390101e-21,true,5,false,0.0003017,"[22.413227188717684, 0.323451142039185]","[1.6996228215478644, 1.0844860147154771]",1,305
5,1.2956815580944732e-27,true,5,false,0.0003113,"[11.932000932222211, 0.5693930165662722]","[-1.365080912437378, -1.3208174975844296]",1,306
19,2.072240322966024e-25,true,5,false,0.000245,"[12.72586751649604, 0.8706626440169174]","[-1.7983567634893314, 0.8231200506166791]",1,307
1,1.5006387215080226e-26,true,4,false,0.0006872,"[6.566759213173399, 0.7164169132695428]","[0.03833248646601629, 0.213845359778582]",1,308
18,2.152039803114593e-27,true,4,false,0.0002479,"[5.858739254319603, 0.859097265325493]","[-0.27322961221704645, -0.5101173409267433]",1,309
13,1.641848846824236e-22,true,5,false,0.00023,"[22.635367338294323, 0.045184151824015084]","[1.6996228215478644, 1.0844860147154771]",1,310
17,1.9944516974170343e-25,true,4,false,0.0002479,"[4.31016843356732, 0.9971598403333508]","[-1.3972500397371668, -1.1529219835943225]",1,311
13,6.181442026875971e-26,true,3,false,0.0019785,"[4.835675556669763, 0.9726654277431569]","[1.6996228215478644, 1.0844860147154771]",1,312
16,3.47685002766185e-27,true,4,false,0.0003085,"[7.319205149874207, 0.8496531995112152]","[1.7376928272513674, -1.2953938355637125]",1,313
13,1.622828710359904e-23,true,4,false,0.0002074,"[10.518682571935555, 0.8265603543608133]","[1.6996228215478644, 1.0844860147154771]",1,314
13,6.811478484862821e-27,true,5,false,0.000343,"[16.830672876760328, 0.1920423362915315]","[1.6996228215478644, 1.0844860147154771]",1,315
14,3.9084937350158164e-28,true,5,false,0.0003669,"[12.88782350728084, 0.6496102992691485]","[-1.0989445324831357, -0.0993402202293609]",1,316
18,3.0220650328770595e-25,true,3,false,0.0003062,"[1.9223431738978247, 1.3459893523619126]","[-0.27322961221704645, -0.5101173409267433]",1,317
3,4.2640790728757744e-29,true,3,false,0.0001921,"[3.501773679949159, 1.2560156070530217]","[1.4214984593810815, -0.5777261953257666]",1,318
7,3.496595374012233e-26,true,3,false,0.0001837,"[2.531047437967454, 1.154250749702301]","[-0.7590535993444354, 0.9209639329677229]",1,319
6,1.2545950025438962e-25,true,3,false,0.0001696,"[-1.5490076950868878, 1.4738876947699706]","[0.5431992343373382, 0.09271546518564394]",1,320
13,4.6292402961232136e-23,true,5,false,0.0002546,"[18.142927920243316, 0.3822195318929701]","[1.6996228215478644, 1.0844860147154771]",1,321
13,5.739426467749064e-24,true,4,false,0.0002074,"[11.113059253536203, 0.804349655149663]","[1.6996228215478644, 1.0844860147154771]",1,322
13,2.1156791792139386e-24,true,4,false,0.0002166,"[10.102129192022318, 0.987055058821851]","[1.6996228215478644, 1.0844860147154771]",1,323
13,6.112849706629146e-26,true,5,false,0.0002409,"[16.92113818811354, 0.21110557640671446]","[1.6996228215478644, 1.0844860147154771]",1,324
16,3.116585959503093e-26,true,4,false,0.0002103,"[7.271896660434948, 0.972325991865623]","[1.7376928272513674, -1.2953938355637125]",1,325
17,2.331399839009823e-25,true,5,false,0.0002549,"[12.40021257033575, 0.6333634738530778]","[-1.3972500397371668, -1.1529219835943225]",1,326
15,4.652126740567994e-25,true,4,false,0.0002162,"[8.05025389987874, 0.8644639967750629]","[1.5447563259135333, -0.22651795438142638]",1,327
13,3.8708039049046044e-26,true,5,false,0.0002628,"[22.171350021508093, 0.3354372719221572]","[1.6996228215478644, 1.0844860147154771]",1,328
15,4.9081957312673295e-27,true,3,false,0.0003436,"[3.651748544356978, 1.1129856679971837]","[1.5447563259135333, -0.22651795438142638]",1,329
9,6.369087683128151e-28,true,4,false,0.0002188,"[6.849153468714329, 0.9347259678795423]","[0.8442354651341021, -0.3265277272261217]",1,330
13,1.1282382410187132e-25,true,4,false,0.0001983,"[8.814288348125308, 1.048598918079261]","[1.6996228215478644, 1.0844860147154771]",1,331
20,4.913894400962864e-26,true,5,false,0.0002937,"[13.47616655286779, 0.6839560426685308]","[-0.6634712267123949, -0.2399591176621829]",1,332
17,2.757139712524414e-26,true,4,false,0.0002594,"[4.3007862704324475, 1.312610072132425]","[-1.3972500397371668, -1.1529219835943225]",1,333
17,2.50677985945044e-27,true,3,false,0.000211,"[-0.06789914093083588, 1.4661629485877508]","[-1.3972500397371668, -1.1529219835943225]",1,334
7,1.1911838174635868e-26,true,2,false,0.0002782,"[0.2386744897829864, 1.4851048358803327]","[-0.7590535993444354, 0.9209639329677229]",1,335
10,2.010621529934126e-26,true,2,false,0.0001454,"[-2.0116891938863426, 1.627836513724051]","[-1.0120757369891493, 1.1470306234136702]",1,336
8,3.253574618486092e-26,true,4,false,0.0002122,"[-3.1281651453659, 1.6594035375997522]","[0.745620993889791, -2.216096423049429]",1,337
3,1.2853534819514408e-27,true,3,false,0.0002115,"[3.3941915946897288, 1.2074248150596025]","[1.4214984593810815, -0.5777261953257666]",1,338
15,6.657912103005793e-25,true,5,false,0.0002799,"[16.440505219103713, 0.4115712947193104]","[1.5447563259135333, -0.22651795438142638]",1,339
16,1.0411532884797359e-26,true,4,false,0.0002732,"[7.1274315334905864, 1.1050983698245052]","[1.7376928272513674, -1.2953938355637125]",1,340
4,5.4872954386992245e-27,true,4,false,0.0002264,"[5.566264446351612, 0.8360017427245255]","[-0.4658959078249555, -0.7303008298610437]",1,341
13,5.870973915360703e-26,true,4,false,0.0002177,"[9.700516223151928, 0.5771256362914904]","[1.6996228215478644, 1.0844860147154771]",1,342
13,3.4685636293888973e-26,true,2,false,0.0002244,"[0.5584972682150003, 1.514719444892387]","[1.6996228215478644, 1.0844860147154771]",1,343
15,4.168915575569053e-25,true,4,false,0.0002045,"[8.602718920596276, 0.963306345102637]","[1.5447563259135333, -0.22651795438142638]",1,344
9,6.428923550215891e-28,true,2,false,0.000205,"[0.07617831375157214, 1.3238167494709039]","[0.8442354651341021, -0.3265277272261217]",1,345
13,1.7008488812035343e-24,true,5,false,0.0003248,"[19.812951505909975, 0.3546327155266943]","[1.6996228215478644, 1.0844860147154771]",1,346
17,4.989861238041434e-26,true,4,false,0.0002546,"[3.9718981733623577, 1.3364412243947768]","[-1.3972500397371668, -1.1529219835943225]",1,347
13,1.927472687399768e-25,true,4,false,0.0002527,"[9.265242158644147, 0.7136525234193265]","[1.6996228215478644, 1.0844860147154771]",1,348
6,1.1030159958254505e-27,true,2,false,0.0001582,"[1.6580204088256507, 1.1436628517296146]","[0.5431992343373382, 0.09271546518564394]",1,349
4,2.1104321746424264e-27,true,3,false,0.0002229,"[1.3297591872425347, 1.3203860805129377]","[-0.4658959078249555, -0.7303008298610437]",1,350
13,8.364128133129864e-23,true,5,false,0.0002467,"[22.001726702718656, 0.00018267587980547173]","[1.6996228215478644, 1.0844860147154771]",1,351
14,2.053776632783966e-27,true,3,false,0.0002143,"[0.9001057138580908, 1.4817733412355367]","[-1.0989445324831357, -0.0993402202293609]",1,352
13,2.4701360629335138e-23,true,5,false,0.0003352,"[18.846512075295472, 0.5032645206128994]","[1.6996228215478644, 1.0844860147154771]",1,353
7,4.361987947342184e-26,true,2,false,0.0001479,"[-1.7435047123690006, 1.6094325638172207]","[-0.7590535993444354, 0.9209639329677229]",1,354
13,5.1280312667865574e-23,true,5,false,0.0002681,"[18.834477079797956, 0.48838436605291363]","[1.6996228215478644, 1.0844860147154771]",1,355
13,3.5894295912450845e-24,true,5,false,0.0003725,"[18.278631389580454, 0.4633943183847907]","[1.6996228215478644, 1.0844860147154771]",1,356
15,5.025389963181239e-25,true,4,false,0.0002254,"[8.332138903333508, 1.0577306090914957]","[1.5447563259135333, -0.22651795438142638]",1,357
19,1.0367072925413054e-26,true,3,false,0.0002558,"[1.2462992639744406, 1.247797252907127]","[-1.7983567634893314, 0.8231200506166791]",1,358
17,1.6165987242884631e-26,true,5,false,0.0003485,"[12.655593841564583, 0.3968637307415872]","[-1.3972500397371668, -1.1529219835943225]",1,359
13,4.093042892300705e-24,true,4,false,0.000217,"[10.14112311924594, 0.5781987787545175]","[1.6996228215478644, 1.0844860147154771]",1,360
13,4.451714644561046e-23,true,5,false,0.0002969,"[18.929934053496936, 0.1949778865263485]","[1.6996228215478644, 1.0844860147154771]",1,361
12,3.095364527825921e-28,true,2,false,0.0002992,"[1.5094193086661287, 1.3604712450046825]","[0.5202990342876057, 1.1204520037446837]",1,362
17,1.9820259359118518e-25,true,5,false,0.0002526,"[12.023860848270404, 0.8863900119046099]","[-1.3972500397371668, -1.1529219835943225]",1,363
18,2.0628967252029144e-27,true,4,false,0.00022,"[5.74869734127974, 0.8178813618470508]","[-0.27322961221704645, -0.5101173409267433]",1,364
9,7.364416169909874e-27,true,5,false,0.0005492,"[14.830783253522151, 0.585357100334441]","[0.8442354651341021, -0.3265277272261217]",1,365
17,1.6401239790707628e-26,true,4,false,0.0004813,"[4.1798982317443745, 1.2392447121947279]","[-1.3972500397371668, -1.1529219835943225]",1,366
19,1.6412209811102454e-27,true,4,false,0.0020345,"[4.887672328784998, 1.3197003165801764]","[-1.7983567634893314, 0.8231200506166791]",1,367
13,2.7001305665395247e-22,true,5,false,0.000568,"[19.317817055745998, 0.3353078111899133]","[1.6996228215478644, 1.0844860147154771]",1,368
13,3.1335831763409464e-28,true,4,false,0.0004821,"[8.786586933310701, 0.918464423520677]","[1.6996228215478644, 1.0844860147154771]",1,369
18,1.4103210940164914e-25,true,4,false,0.0002483,"[5.853977684222973, 0.8571851226947188]","[-0.27322961221704645, -0.5101173409267433]",1,370
13,1.0800613080364138e-23,true,5,false,0.0002777,"[20.573764759405737, 0.38334065273336626]","[1.6996228215478644, 1.0844860147154771]",1,371
9,1.5425909962978054e-25,true,5,false,0.0004264,"[15.057320269603467, 0.5006998883279867]","[0.8442354651341021, -0.3265277272261217]",1,372
17,8.066945201157714e-25,true,5,false,0.0002441,"[11.683243686973627, 0.9702545423030839]","[-1.3972500397371668, -1.1529219835943225]",1,373
8,1.2745738267148657e-25,true,4,false,0.0005081,"[-3.142148130365538, 1.6709321689584855]","[0.745620993889791, -2.216096423049429]",1,374
13,3.6238041589751593e-25,true,4,false,0.0002396,"[9.472169625599948, 0.9049196740695343]","[1.6996228215478644, 1.0844860147154771]",1,375
6,6.319142681798548e-29,true,3,false,0.0003598,"[-1.5749804977474184, 1.536292110435354]","[0.5431992343373382, 0.09271546518564394]",1,376
13,2.562079391890919e-22,true,5,false,0.0021582,"[23.160157276357005, 0.2338643814061862]","[1.6996228215478644, 1.0844860147154771]",1,377
13,1.2067404527407606e-23,true,4,false,0.0002321,"[11.05114975066559, 0.8685369419075573]","[1.6996228215478644, 1.0844860147154771]",1,378
13,4.2469057777535234e-23,true,4,false,0.0002397,"[10.43792398972149, 0.7637012959923976]","[1.6996228215478644, 1.0844860147154771]",1,379
13,4.2613282093779686e-23,true,5,false,0.0004038,"[22.631443217438637, -0.09864488030986507]","[1.6996228215478644, 1.0844860147154771]",1,380
13,1.0906703620770064e-23,true,5,false,0.0005814,"[20.395462256624196, 0.4481149009757243]","[1.6996228215478644, 1.0844860147154771]",1,381
7,1.0650450872742406e-28,true,4,false,0.0002673,"[6.204029490848955, 0.7232272626425799]","[-0.7590535993444354, 0.9209639329677229]",1,382
5,1.8136125556661093e-28,true,5,false,0.000511,"[11.866976430968535, 0.5703922195037059]","[-1.365080912437378, -1.3208174975844296]",1,383
8,2.425719722053185e-28,true,4,false,0.0002067,"[-2.997999145244654, 1.6821345621889074]","[0.745620993889791, -2.216096423049429]",1,384
2,2.03492580335074e-27,true,4,false,0.0002749,"[5.274294791450452, 1.0046631774986428]","[-0.7042838077754542, -0.4007992090593657]",1,385
7,1.0394942408489837e-25,true,2,false,0.0003161,"[-1.796743513182718, 1.4508284575465944]","[-0.7590535993444354, 0.9209639329677229]",1,386
9,6.5837628046662005e-28,true,3,false,0.0001912,"[-0.9763598834683652, 1.3717682058305625]","[0.8442354651341021, -0.3265277272261217]",1,387
13,3.082865273778369e-22,true,5,false,0.0024227,"[19.677974400881165, 0.43825794528109474]","[1.6996228215478644, 1.0844860147154771]",1,388
17,2.087011406117042e-27,true,4,false,0.0004159,"[3.934485751183422, 1.283791415979768]","[-1.3972500397371668, -1.1529219835943225]",1,389
11,2.0033433188263043e-26,true,4,false,0.0002219,"[6.392306361259131, 1.2576495186040184]","[0.7232770971838263, -0.728534008508048]",1,390
17,2.9063659472205126e-27,true,4,false,0.0002505,"[4.07884794532533, 1.334054125398347]","[-1.3972500397371668, -1.1529219835943225]",1,391
13,9.321039484670136e-23,true,5,false,0.0002715,"[19.36567578381164, 0.5132599220968197]","[1.6996228215478644, 1.0844860147154771]",1,392
10,8.302623311763806e-27,true,2,false,0.0001646,"[-2.014292068975848, 1.639608151315285]","[-1.0120757369891493, 1.1470306234136702]",1,393
12,6.022180685490546e-29,true,2,false,0.0001704,"[-0.46533907528970203, 1.3407268088049578]","[0.5202990342876057, 1.1204520037446837]",1,394
13,5.430536564212008e-24,true,4,false,0.0002192,"[11.60175745157788, 0.6952467671202649]","[1.6996228215478644, 1.0844860147154771]",1,395
17,3.838690224050242e-25,true,4,false,0.0020715,"[4.402949931924167, 1.152089744690108]","[-1.3972500397371668, -1.1529219835943225]",1,396
9,1.2379839393666282e-27,true,4,false,0.0003303,"[6.8762385863439, 0.8978695231457625]","[0.8442354651341021, -0.3265277272261217]",1,397
15,2.9431612004920352e-25,true,4,false,0.0002844,"[8.28156084547651, 0.9907043127206355]","[1.5447563259135333, -0.22651795438142638]",1,398
13,2.5358329295759167e-26,true,4,false,0.0002319,"[8.904135529030775, 0.9929312884656395]","[1.6996228215478644, 1.0844860147154771]",1,399
10,1.1340351419222675e-27,true,4,false,0.0002325,"[5.988847033453517, 1.171142440818065]","[-1.0120757369891493, 1.1470306234136702]",1,400
15,6.799656617413868e-24,true,4,false,0.0002257,"[8.4706329118828, 0.986639630325105]","[1.5447563259135333, -0.22651795438142638]",1,401
17,3.5628060955518354e-26,true,5,false,0.0002655,"[12.484309140458029, 0.680510033631537]","[-1.3972500397371668, -1.1529219835943225]",1,402
1,1.9018496281055223e-26,true,2,false,0.0002989,"[1.2275064134041667, 1.2277385030038817]","[0.03833248646601629, 0.213845359778582]",1,403
19,1.417809401543178e-27,true,2,false,0.0002494,"[-1.1535324903840694, 1.6155371059171597]","[-1.7983567634893314, 0.8231200506166791]",1,404
13,7.27004396277132e-24,true,4,false,0.0003316,"[10.170088043883041, 0.8193501804056055]","[1.6996228215478644, 1.0844860147154771]",1,405
8,5.416052117911928e-26,true,4,false,0.0003015,"[5.165791310812196, 1.1400649132688183]","[0.745620993889791, -2.216096423049429]",1,406
3,1.1296895382003143e-27,true,3,false,0.0003408,"[3.4802980297720567, 1.1872350285540225]","[1.4214984593810815, -0.5777261953257666]",1,407
7,1.1346011851295676e-27,true,3,false,0.0002513,"[2.266859988250036, 1.1463569991269227]","[-0.7590535993444354, 0.9209639329677229]",1,408
17,2.2172302521788323e-25,true,4,false,0.0002897,"[4.123057997480738, 1.2853625507900799]","[-1.3972500397371668, -1.1529219835943225]",1,409
13,2.7873345441696023e-24,true,5,false,0.0002457,"[22.01489530968989, -0.08485682131812833]","[1.6996228215478644, 1.0844860147154771]",1,410
18,1.2007952931999566e-26,true,3,false,0.0002148,"[1.628970154817534, 1.4247026422727842]","[-0.27322961221704645, -0.5101173409267433]",1,411
7,8.363131864259175e-27,true,4,false,0.0002331,"[6.357965198111229, 0.7196668154039085]","[-0.7590535993444354, 0.9209639329677229]",1,412
10,1.7088336341227862e-27,true,4,false,0.0002043,"[6.0578860695299, 0.8340563555406524]","[-1.0120757369891493, 1.1470306234136702]",1,413
13,5.090940904756931e-27,true,2,false,0.0001602,"[0.6546621891359046, 1.2772751402088094]","[1.6996228215478644, 1.0844860147154771]",1,414
17,2.1059300332488047e-25,true,5,false,0.0003037,"[12.422476738335785, 0.9153650134217992]","[-1.3972500397371668, -1.1529219835943225]",1,415
16,1.9126458220482245e-27,true,3,false,0.0002386,"[0.6344383728225329, 1.4750453349375685]","[1.7376928272513674, -1.2953938355637125]",1,416
20,1.2035143686880548e-26,true,4,false,0.0002762,"[5.349964073000982, 1.1624270842330402]","[-0.6634712267123949, -0.2399591176621829]",1,417
9,1.3914643082885149e-24,true,4,false,0.000257,"[7.101870649994343, 1.212225310652989]","[0.8442354651341021, -0.3265277272261217]",1,418
1,3.9250318261066786e-26,true,3,false,0.0003903,"[2.2817686119445484, 1.35510138666142]","[0.03833248646601629, 0.213845359778582]",1,419
13,1.525896709963358e-23,true,5,false,0.000299,"[24.08157223896555, 0.2911112595370129]","[1.6996228215478644, 1.0844860147154771]",1,420
19,5.382610295981537e-28,true,2,false,0.0002211,"[-1.095666780142049, 1.588262423726745]","[-1.7983567634893314, 0.8231200506166791]",1,421
5,5.680586214408246e-27,true,3,false,0.0002208,"[-2.2923003169495493, 1.5586868527924924]","[-1.365080912437378, -1.3208174975844296]",1,422
1,1.9023942432492543e-25,true,4,false,0.0003749,"[6.2820367356392, 1.1041421822934578]","[0.03833248646601629, 0.213845359778582]",1,423
13,2.0133368347156228e-23,true,4,false,0.0002617,"[10.362027071762999, 0.8921097686888806]","[1.6996228215478644, 1.0844860147154771]",1,424
15,1.744666503297492e-25,true,4,false,0.000321,"[7.707767140233471, 1.1042045524848467]","[1.5447563259135333, -0.22651795438142638]",1,425
13,5.2371859445134104e-24,true,5,false,0.0021798,"[19.458057923372355, 0.21866482035841145]","[1.6996228215478644, 1.0844860147154771]",1,426
15,4.953055076310493e-24,true,5,false,0.0019677,"[16.52704245705065, 0.4742110347132035]","[1.5447563259135333, -0.22651795438142638]",1,427
7,1.6103913012714727e-27,true,3,false,0.0002056,"[2.301569835572715, 1.1404370047694286]","[-0.7590535993444354, 0.9209639329677229]",1,428
17,1.6691578970185953e-26,true,3,false,0.0001982,"[-0.12291697252466793, 1.55618638207238]","[-1.3972500397371668, -1.1529219835943225]",1,429
17,9.094498962362374e-26,true,4,false,0.0004386,"[4.164165853927476, 1.3149881612236254]","[-1.3972500397371668, -1.1529219835943225]",1,430
1,1.4226080187861985e-25,true,5,false,0.0003923,"[14.292629625566354, 0.7017184908432919]","[0.03833248646601629, 0.213845359778582]",1,431
3,2.4109666724594665e-25,true,5,false,0.0002879,"[15.370849260495055, 0.6552611855925048]","[1.4214984593810815, -0.5777261953257666]",1,432
9,1.0793485103099257e-27,true,4,false,0.0002612,"[7.050835441516043, 0.9056313017360533]","[0.8442354651341021, -0.3265277272261217]",1,433
18,5.663565217177034e-25,true,5,false,0.0002532,"[13.643997959334031, 0.8072059024408981]","[-0.27322961221704645, -0.5101173409267433]",1,434
19,2.0798839408418546e-28,true,3,false,0.0003169,"[0.8134832047632855, 1.5094370562049806]","[-1.7983567634893314, 0.8231200506166791]",1,435
4,2.74931359353522e-27,true,3,false,0.0002323,"[1.1762906185626938, 1.5001188259761602]","[-0.4658959078249555, -0.7303008298610437]",1,436
5,6.870779859108298e-25,true,5,false,0.0002557,"[11.571822224275317, 0.8599100233564949]","[-1.365080912437378, -1.3208174975844296]",1,437
18,1.821816656698383e-26,true,3,false,0.0005003,"[1.903292438836012, 1.1399957855580491]","[-0.27322961221704645, -0.5101173409267433]",1,438
6,5.9564714702296344e-27,true,3,false,0.0002319,"[2.6276241855546383, 1.4293612716006716]","[0.5431992343373382, 0.09271546518564394]",1,439
17,8.188033122202956e-26,true,4,false,0.0002511,"[4.198703389354824, 1.128396617783212]","[-1.3972500397371668, -1.1529219835943225]",1,440
13,9.166013335249242e-28,true,3,false,0.000185,"[-1.3236172157986592, 1.4106327127287346]","[1.6996228215478644, 1.0844860147154771]",1,441
13,5.183217362213924e-23,true,5,false,0.000309,"[20.12795646768517, 0.5050717230170882]","[1.6996228215478644, 1.0844860147154771]",1,442
13,3.7648668484151264e-24,true,5,false,0.000374,"[19.296812664619765, 0.10076465060332418]","[1.6996228215478644, 1.0844860147154771]",1,443
12,6.089332129193716e-26,true,1,false,9.67e-5,"[0.9392595266136984, 1.1846366887699666]","[0.5202990342876057, 1.1204520037446837]",1,444
13,5.796768508743632e-28,true,2,false,0.0002057,"[3.1057870409563733, 1.167900564829206]","[1.6996228215478644, 1.0844860147154771]",1,445
9,7.705740649330018e-26,true,4,false,0.00023,"[7.004248893235388, 0.6896858571609764]","[0.8442354651341021, -0.3265277272261217]",1,446
18,3.6238634141800836e-26,true,3,false,0.0002953,"[1.8414831282552997, 1.3457007703291217]","[-0.27322961221704645, -0.5101173409267433]",1,447
9,1.374074732562202e-25,true,3,false,0.0002311,"[-1.2149336804222612, 1.4846092781575233]","[0.8442354651341021, -0.3265277272261217]",1,448
15,5.456734686661775e-26,true,4,false,0.0002592,"[8.495178689247531, 0.5873543603112305]","[1.5447563259135333, -0.22651795438142638]",1,449
5,5.1696616465019584e-27,true,3,false,0.0002496,"[-2.111615117518087, 1.5712939875043008]","[-1.365080912437378, -1.3208174975844296]",1,450
19,3.0914003780850197e-27,true,4,false,0.0002563,"[4.723774577297208, 1.311251431377788]","[-1.7983567634893314, 0.8231200506166791]",1,451
13,7.278650242023813e-22,true,5,false,0.0003166,"[23.442329862502028, -0.010264577558889765]","[1.6996228215478644, 1.0844860147154771]",1,452
19,1.8877156129588882e-26,true,2,false,0.0001866,"[-0.8351577571383378, 1.4194589232823425]","[-1.7983567634893314, 0.8231200506166791]",1,453
5,6.372742783310168e-28,true,3,false,0.0003964,"[-0.16192565718263163, 1.3658959248398839]","[-1.365080912437378, -1.3208174975844296]",1,454
19,3.841137270158671e-26,true,2,false,0.0001932,"[-2.5476340216668216, 1.6264123783337618]","[-1.7983567634893314, 0.8231200506166791]",1,455
13,1.7852169053062714e-23,true,5,false,0.0003991,"[19.185818381725447, 0.2747077679342349]","[1.6996228215478644, 1.0844860147154771]",1,456
19,3.885811581113353e-28,true,3,false,0.0002699,"[1.082156015934499, 1.374196471818944]","[-1.7983567634893314, 0.8231200506166791]",1,457
9,1.0591872499157372e-25,true,5,false,0.0004223,"[14.801389512132332, 0.6724003315115601]","[0.8442354651341021, -0.3265277272261217]",1,458
10,2.93177951252283e-28,true,4,false,0.0002143,"[5.973023863257646, 1.0214330596542778]","[-1.0120757369891493, 1.1470306234136702]",1,459
20,2.597576559283323e-26,true,3,false,0.0002385,"[1.4118627424368861, 1.3856569801356786]","[-0.6634712267123949, -0.2399591176621829]",1,460
13,7.471162003314596e-24,true,5,false,0.0002838,"[19.355983008875427, 0.3781995350094216]","[1.6996228215478644, 1.0844860147154771]",1,461
15,5.306094763256376e-25,true,5,false,0.0002748,"[16.14439668410659, 0.5266387547277986]","[1.5447563259135333, -0.22651795438142638]",1,462
18,1.2318018954365255e-26,true,3,false,0.0003533,"[1.9002757212419568, 1.0951294484295386]","[-0.27322961221704645, -0.5101173409267433]",1,463
10,8.004900062428785e-28,true,4,false,0.0002319,"[5.931671482579974, 1.097251689158612]","[-1.0120757369891493, 1.1470306234136702]",1,464
13,7.788755906811291e-22,true,5,false,0.0002978,"[22.795026062680442, 0.30263527510426935]","[1.6996228215478644, 1.0844860147154771]",1,465
13,1.2789125504884561e-26,true,2,false,0.0001753,"[0.6638445110625062, 1.4574803007125536]","[1.6996228215478644, 1.0844860147154771]",1,466
15,1.3637584118281271e-24,true,5,false,0.0004352,"[16.168084724727652, 0.5806117292784679]","[1.5447563259135333, -0.22651795438142638]",1,467
20,1.2491420085708851e-26,true,3,false,0.0004441,"[1.3279708399879062, 1.4570863693383491]","[-0.6634712267123949, -0.2399591176621829]",1,468
13,5.457168511121281e-24,true,5,false,0.0002656,"[17.99682642169463, 0.3560669726560456]","[1.6996228215478644, 1.0844860147154771]",1,469
15,4.0533298837653613e-25,true,4,false,0.000218,"[8.310203861942789, 1.0995263019592811]","[1.5447563259135333, -0.22651795438142638]",1,470
11,3.3943793844412555e-28,true,4,false,0.0002232,"[6.437243821121947, 1.1934173518364626]","[0.7232770971838263, -0.728534008508048]",1,471
8,1.492546553693557e-26,true,4,false,0.0002475,"[-3.2200209296586246, 1.617089012968173]","[0.745620993889791, -2.216096423049429]",1,472
15,2.9830653583285704e-24,true,5,false,0.0002644,"[15.967275366319091, 0.6122119044687057]","[1.5447563259135333, -0.22651795438142638]",1,473
13,3.7655266770422685e-22,true,5,false,0.0005842,"[25.517690234062062, -0.18445871364778949]","[1.6996228215478644, 1.0844860147154771]",1,474
1,5.3152794839879615e-28,true,3,false,0.000613,"[2.3516945289183084, 1.0577076117755622]","[0.03833248646601629, 0.213845359778582]",1,475
13,5.444167302431853e-23,true,4,false,0.0002009,"[11.047772087697856, 1.004852523113604]","[1.6996228215478644, 1.0844860147154771]",1,476
18,6.0148668185597045e-27,true,4,false,0.0002365,"[5.803706236728503, 0.8886656816526649]","[-0.27322961221704645, -0.5101173409267433]",1,477
3,6.2607970624474105e-28,true,3,false,0.0003266,"[3.4619402971063034, 0.9696562171202213]","[1.4214984593810815, -0.5777261953257666]",1,478
14,4.947361518717887e-26,true,3,false,0.0001959,"[1.032865476570728, 1.4350550595080072]","[-1.0989445324831357, -0.0993402202293609]",1,479
13,9.16682147759022e-25,true,4,false,0.0002464,"[9.142060783383446, 1.0992464893877134]","[1.6996228215478644, 1.0844860147154771]",1,480
1,5.285547062163581e-26,true,5,false,0.0004538,"[14.186941099381682, 0.7383629388894246]","[0.03833248646601629, 0.213845359778582]",1,481
3,2.162913719619819e-27,true,3,false,0.0003682,"[3.422341665864018, 1.0206244328064709]","[1.4214984593810815, -0.5777261953257666]",1,482
13,8.89634462196739e-22,true,5,false,0.000341,"[23.381826897264283, -0.15543508521388816]","[1.6996228215478644, 1.0844860147154771]",1,483
15,8.084771724851655e-27,true,3,false,0.0002406,"[3.734649033004409, 0.9461645782888327]","[1.5447563259135333, -0.22651795438142638]",1,484
15,1.222656832235024e-26,true,4,false,0.0003153,"[7.979193672849442, 0.6497456752624087]","[1.5447563259135333, -0.22651795438142638]",1,485
10,2.223967202795111e-27,true,3,false,0.000176,"[2.0354664784312786, 1.3809507394163314]","[-1.0120757369891493, 1.1470306234136702]",1,486
7,2.037958957694731e-26,true,2,false,0.0001341,"[0.28356975817192165, 1.3315518595442664]","[-0.7590535993444354, 0.9209639329677229]",1,487
13,1.0347148645998106e-26,true,4,false,0.0005988,"[8.905125638958577, 0.8957163715924781]","[1.6996228215478644, 1.0844860147154771]",1,488
3,1.0024658779324555e-27,true,4,false,0.000581,"[7.34620356348376, 1.008177825389072]","[1.4214984593810815, -0.5777261953257666]",1,489
13,5.1383201119199514e-24,true,4,false,0.0002071,"[9.890499470134028, 0.7112811996785148]","[1.6996228215478644, 1.0844860147154771]",1,490
13,6.2523312983230356e-24,true,4,false,0.0002516,"[10.974077527286306, 0.7103014842749811]","[1.6996228215478644, 1.0844860147154771]",1,491
3,8.986822397117776e-29,true,3,false,0.0002236,"[-0.18843335434552505, 1.5324571544186072]","[1.4214984593810815, -0.5777261953257666]",1,492
11,9.638701295622179e-28,true,3,false,0.000191,"[2.762958463064206, 1.294435768949406]","[0.7232770971838263, -0.728534008508048]",1,493
17,2.2656726949222073e-26,true,5,false,0.0002552,"[11.916830672354676, 0.8001657559321365]","[-1.3972500397371668, -1.1529219835943225]",1,494
13,1.310883219869364e-26,true,4,false,0.0003073,"[8.779613533969652, 0.6641388146613021]","[1.6996228215478644, 1.0844860147154771]",1,495
8,3.9581326695292785e-26,true,3,false,0.0001817,"[-0.6064275368125948, 1.362325526790277]","[0.745620993889791, -2.216096423049429]",1,496
13,6.644278537667148e-23,true,5,false,0.0002537,"[21.498812107523307, 0.15943378750834086]","[1.6996228215478644, 1.0844860147154771]",1,497
13,4.916395224076872e-24,true,4,false,0.000425,"[9.593677423535794, 0.9010778479587775]","[1.6996228215478644, 1.0844860147154771]",1,498
1,6.209449703538793e-26,true,3,false,0.0003234,"[2.271347151806144, 1.2779935969817218]","[0.03833248646601629, 0.213845359778582]",1,499
18,1.845872132618622e-26,true,3,false,0.0006215,"[1.5723025522984084, 1.4927243893775866]","[-0.27322961221704645, -0.5101173409267433]",1,500
